source_label,text
خدمة_عملاء,تواصلت مع خدمة العملاء عدة مرات ولم يحل أحد مشكلتي حتى الآن
خدمة_عملاء,موظف خدمة العملاء كان غير محترم في تعامله معي
خدمة_عملاء,انتظرت على الخط الساخن أكثر من ساعة ولم يرد أحد
خدمة_عملاء,الردود التي تلقيتها من فريق الدعم كانت غير مفيدة تماماً
خدمة_عملاء,لم أتلق أي رد على رسالتي الإلكترونية منذ أسبوع كامل
خدمة_عملاء,طلبت التحدث مع المشرف لكن لم يتوفر أحد
خدمة_عملاء,تم إغلاق تذكرة الشكوى دون حل المشكلة
خدمة_عملاء,الموظف وعدني بالمتابعة لكنه لم يتصل بي أبداً
خدمة_عملاء,لا يوجد رقم للتواصل المباشر مع الدعم الفني
خدمة_عملاء,أرسلت ثلاث رسائل للدعم ولم أتلق أي رد منهم
خدمة_عملاء,فريق خدمة العملاء لا يفهم المشكلة التي أعاني منها
خدمة_عملاء,طلبت الاسترداد عبر خدمة العملاء لكنهم رفضوا طلبي
خدمة_عملاء,لا يوجد خاصية الدردشة المباشرة للتواصل السريع
خدمة_عملاء,أُغلق الخط في وجهي أثناء محادثتي مع الموظف
خدمة_عملاء,الوقت المتوقع للرد على الشكاوى طويل جداً ولا يُحتمل
خدمة_عملاء,طلبت تعويضاً عن الخطأ لكن الموظف رفض الاستماع
خدمة_عملاء,خدمة العملاء متاحة فقط خلال ساعات محدودة جداً
خدمة_عملاء,لم يستطع الموظف الإجابة على أبسط أسئلتي
خدمة_عملاء,تم تحويلي بين عدة موظفين دون حل المشكلة
خدمة_عملاء,الموظف وعدني بحل المشكلة خلال 24 ساعة لكن مضت 3 أيام
خدمة_عملاء,لا يوجد متابعة فعلية بعد تقديم الشكوى
خدمة_عملاء,رسالة الرد الآلي لا تفيد في حل أي مشكلة
خدمة_عملاء,طلبت إلغاء الطلب لكن الموظف قال إنه لا يستطيع المساعدة
خدمة_عملاء,تواصلت عبر وسائل التواصل الاجتماعي ولم أتلق رداً
خدمة_عملاء,خدمة العملاء لا تعمل في عطلات نهاية الأسبوع
شحن_وتوصيل,وصل الطلب مكسوراً بسبب سوء التغليف
شحن_وتوصيل,تم إرسال طلبي إلى عنوان خاطئ
شحن_وتوصيل,المنتج وصل به تلف واضح أثناء الشحن
شحن_وتوصيل,حالة الشحنة تقول تم التسليم لكنني لم أستلم شيئاً
شحن_وتوصيل,الطرد وصل مفتوحاً ومحتواه ناقص
شحن_وتوصيل,تم اختيار ناقل شحن غير موثوق لإرسال طلبي
شحن_وتوصيل,التغليف كان ضعيفاً ومتهالكاً
شحن_وتوصيل,لم أتلق رقم التتبع رغم مرور يومين على الطلب
شحن_وتوصيل,الشحنة تأخرت وعند وصولها كانت تالفة
شحن_وتوصيل,العنوان الصحيح لكن المندوب سلّم الطلب للجار
شحن_وتوصيل,تم إرسال عدة طلبات منفصلة بدلاً من طرد واحد
شحن_وتوصيل,لم أُخطر بموعد التوصيل المتوقع
شحن_وتوصيل,المنتج مبلل بسبب تغليف غير مناسب للمطر
شحن_وتوصيل,وصلني طلب شخص آخر بدلاً من طلبي
شحن_وتوصيل,رسوم الشحن مرتفعة جداً مقارنةً بالخدمة المقدمة
شحن_وتوصيل,لم يتم إخطاري عند وصول الشحنة لمستودع التوزيع
شحن_وتوصيل,التغليف الداخلي لم يحمِ المنتج من الصدمات
شحن_وتوصيل,اضطررت للذهاب لمركز التوزيع لاستلام الطلب دون سبب
شحن_وتوصيل,وصل الطلب في حالة مجعدة تدل على سوء التخزين
شحن_وتوصيل,الشحنة مرت بيد عدة ناقلين مما أخر وصولها
شحن_وتوصيل,لم يتم الإشارة إلى هش على الطرد رغم طبيعة المنتج
شحن_وتوصيل,تم تسليم الطلب لشخص آخر في العمارة دون إذني
شحن_وتوصيل,وصل الطلب بدون فاتورة داخل الطرد
شحن_وتوصيل,الشحنة الدولية وصلت محتجزة في الجمارك دون إشعار
شحن_وتوصيل,المنتج وصل والعلبة الداخلية مهشمة
جودة_منتج,المنتج الذي استلمته يختلف تماماً عن الصورة المعروضة
جودة_منتج,توقف الجهاز عن العمل بعد ثلاثة أيام فقط من الاستخدام
جودة_منتج,المنتج مقلد وليس أصلياً كما هو معلن
جودة_منتج,الأبعاد والمقاسات المذكورة غير دقيقة
جودة_منتج,المواد المستخدمة في الصنع رديئة الجودة
جودة_منتج,رائحة المنتج كريهة منذ فتح العبوة
جودة_منتج,اللون الذي وصل مختلف تماماً عن المعروض
جودة_منتج,قطعة الملابس تفككت بعد أول غسلة
جودة_منتج,الجهاز الإلكتروني لا يعمل منذ البداية
جودة_منتج,المنتج الغذائي منتهي الصلاحية
جودة_منتج,العبوة بها تسريب واضح
جودة_منتج,المواصفات المذكورة على العبوة مضللة
جودة_منتج,الجزء المعدني تآكل بسرعة غير طبيعية
جودة_منتج,الطلاء تقشر بعد أسبوع واحد فقط
جودة_منتج,القماش خشن جداً وغير مريح على الجلد
جودة_منتج,الوزن الفعلي للمنتج أقل بكثير مما هو مذكور
جودة_منتج,البطارية تفرغ في أقل من ساعة رغم ادعاء 10 ساعات
جودة_منتج,المنتج بدا مستخدماً مسبقاً عند استلامه
جودة_منتج,الخياطة رديئة وبدأت تنهار من اليوم الأول
جودة_منتج,الإكسسوارات المرفقة مع المنتج غير مكتملة
جودة_منتج,الزجاج مخدوش رغم وصف جديد على الإعلان
جودة_منتج,المنتج لا يتوافق مع المواصفات الكهربائية المحلية
جودة_منتج,صوت غير طبيعي يصدر من الجهاز منذ البداية
جودة_منتج,نمط التصميم مختلف كلياً عن الصور في الإعلان
جودة_منتج,المنتج لا يدعم اللغة العربية رغم الإعلان عكس ذلك
فاتورة_ودفع,تم خصم المبلغ مرتين من حسابي البنكي لطلب واحد
فاتورة_ودفع,الفاتورة لا تطابق المبلغ المحدد عند الطلب
فاتورة_ودفع,طُلب مني الدفع مرة أخرى رغم اكتمال الدفع
فاتورة_ودفع,تم خصم رسوم إضافية لم أوافق عليها
فاتورة_ودفع,لم أستلم إيصال الدفع بعد إتمام العملية
فاتورة_ودفع,تم تحصيل رسوم اشتراك شهري لم أشترك فيه
فاتورة_ودفع,المبلغ المعروض قبل الدفع يختلف عن المبلغ المخصوم فعلياً
فاتورة_ودفع,لا أستطيع إضافة بطاقة ائتمان جديدة في حسابي
فاتورة_ودفع,تم إلغاء طلبي لكن الأموال لم تُرجع
فاتورة_ودفع,الفاتورة المرسلة تحتوي على أخطاء في البيانات
فاتورة_ودفع,رسوم الضريبة محسوبة بشكل غير صحيح في الفاتورة
فاتورة_ودفع,تم تجديد الاشتراك تلقائياً دون إشعار مسبق
فاتورة_ودفع,لا توجد طريقة للدفع بالتقسيط في الموقع
فاتورة_ودفع,عملية الدفع فشلت لكن تم خصم المبلغ
فاتورة_ودفع,الكوبون لم يُطبق رغم صحته وعدم انتهاء صلاحيته
فاتورة_ودفع,لا أستطيع تحديث معلومات بطاقتي في الحساب
فاتورة_ودفع,رسوم توصيل محسوبة رغم تأهلي للشحن المجاني
فاتورة_ودفع,الفاتورة لا تحتوي على تفاصيل كافية
فاتورة_ودفع,حاولت الدفع عبر سداد لكن العملية لم تكتمل
فاتورة_ودفع,تم استقطاع مبلغ مختلف عن قيمة الطلب
فاتورة_ودفع,لم أستطع استرداد رصيد المحفظة المتوفر في حسابي
فاتورة_ودفع,الموقع يظهر سعراً والصفحة الأخيرة تظهر سعراً مختلفاً
فاتورة_ودفع,لم تصلني فاتورة ضريبية رغم طلبها عدة مرات
فاتورة_ودفع,رسوم خدمة إضافية لم أوافق عليها ضمن الفاتورة
فاتورة_ودفع,تم رفض بطاقتي الائتمانية دون سبب واضح
استرداد_وإرجاع,مضى على طلب الاسترداد أكثر من شهر ولم يصلني المبلغ
استرداد_وإرجاع,رفضوا استلام المنتج المرتجع دون أي مبرر
استرداد_وإرجاع,لا يوجد خيار الإرجاع في الموقع لهذا المنتج
استرداد_وإرجاع,أُخبرت بأن فترة الإرجاع انتهت رغم أنها لم تنته
استرداد_وإرجاع,طلبت استبدال المنتج لكنهم أرسلوا منتجاً آخر تالفاً
استرداد_وإرجاع,تكاليف إرجاع المنتج مرتفعة جداً
استرداد_وإرجاع,ملصق الشحن للإرجاع لم يصلني
استرداد_وإرجاع,المنتج مؤهل للإرجاع لكن الموظف رفض قبوله
استرداد_وإرجاع,تم خصم رسوم من مبلغ الاسترداد دون إشعار
استرداد_وإرجاع,أُعيد إليّ المنتج ذاته بدلاً من صرف الاسترداد
استرداد_وإرجاع,طلبت استرداد النقود لكنهم أصروا على إعطائي رصيداً
استرداد_وإرجاع,فترة الإرجاع المتاحة قصيرة جداً لا تكفي
استرداد_وإرجاع,لم يصلني تأكيد على استلام المنتج المرتجع
استرداد_وإرجاع,عملية الإرجاع معقدة جداً وتتطلب خطوات كثيرة
استرداد_وإرجاع,أُخبرت بأن المنتج لا يشمله الضمان بشكل خاطئ
استرداد_وإرجاع,مبلغ الاسترداد الوارد أقل من المبلغ المدفوع أصلاً
استرداد_وإرجاع,لا أستطيع طباعة نموذج الإرجاع من الموقع
استرداد_وإرجاع,وصلني المنتج المستبدل خاطئاً مرة ثانية
استرداد_وإرجاع,تم تجاهل طلب الاسترداد ولم يُعالج
استرداد_وإرجاع,الإرجاع قبل مدة 14 يوم مرفوض بدون سبب وجيه
استرداد_وإرجاع,طلبت تغيير المقاس لكن لا يوجد خيار الاستبدال
استرداد_وإرجاع,لم أتلق رسالة تأكيد رغم موافقتهم على الاسترداد
استرداد_وإرجاع,طال وقت معالجة طلب الاسترداد كثيراً
استرداد_وإرجاع,المنتج المرتجع عالق في مركز التوزيع منذ أسبوعين
استرداد_وإرجاع,تم رفض الإرجاع بحجة أن العبوة تالفة
تقنية_واجهة,التطبيق يتوقف عن العمل فجأة عند إتمام عملية الدفع
تقنية_واجهة,صفحة المنتج لا تُحمَّل بشكل صحيح على متصفحي
تقنية_واجهة,لا أستطيع تسجيل الدخول للحساب رغم صحة البيانات
تقنية_واجهة,سلة التسوق تفرغ تلقائياً بعد كل جلسة
تقنية_واجهة,البحث في الموقع لا يُظهر نتائج دقيقة
تقنية_واجهة,التطبيق لا يتوافق مع نظام iOS الأحدث
تقنية_واجهة,الموقع بطيء جداً ويستغرق وقتاً طويلاً للتحميل
تقنية_واجهة,لا أستطيع تحديث عنوان التوصيل في حسابي
تقنية_واجهة,الصور في صفحة المنتج لا تُعرض على جهازي
تقنية_واجهة,واجهة التطبيق غير ملائمة للهواتف الصغيرة
تقنية_واجهة,لا أستطيع تفعيل الإشعارات في التطبيق
تقنية_واجهة,رمز التحقق لا يصل عبر الرسائل النصية
تقنية_واجهة,خاصية المقارنة بين المنتجات لا تعمل
تقنية_واجهة,الموقع لا يدعم اللغة العربية بشكل كامل
تقنية_واجهة,التطبيق يستهلك بطارية الهاتف بشكل مفرط
تقنية_واجهة,قائمة المفضلة تختفي بعد كل تحديث للتطبيق
تقنية_واجهة,صفحة الطلبات السابقة لا تُحمَّل عندي
تقنية_واجهة,لا تعمل خاصية التتبع المباشر للشحنة في التطبيق
تقنية_واجهة,لا يمكنني حذف عنوان التوصيل القديم
تقنية_واجهة,خطأ في التطبيق يمنعني من إتمام الطلب
تقنية_واجهة,الموقع لا يتذكر معلومات الدفع المحفوظة
تقنية_واجهة,التطبيق يعرض أسعاراً مختلفة عن الموقع
تقنية_واجهة,لا تعمل خاصية المسح الضوئي للباركود في التطبيق
تقنية_واجهة,المتصفح يحول لصفحة خطأ عند الضغط على الدفع
تقنية_واجهة,لا أستطيع تغيير كلمة المرور من الإعدادات
خصومات_وعروض,كود الخصم لا يعمل رغم أنه ضمن فترة الصلاحية
خصومات_وعروض,العرض المعلن لا ينطبق على المنتج الذي اشتريته
خصومات_وعروض,خصم العيد لم يُطبق تلقائياً على طلبي
خصومات_وعروض,وصف العرض مضلل وغير دقيق
خصومات_وعروض,الشحن المجاني معلن لكنه تم تحصيله في الدفع
خصومات_وعروض,كود الخصم للعملاء الجدد لا يقبله النظام
خصومات_وعروض,انتهى العرض قبل موعده المعلن
خصومات_وعروض,الخصم المطبق أقل من النسبة المعلنة
خصومات_وعروض,لا يمكنني الجمع بين كودين للخصم في طلب واحد
خصومات_وعروض,العرض المبكر للشراء انتهى قبل ساعة من موعده
خصومات_وعروض,المنتج المعلن في العرض غير متوفر عند طلبه
خصومات_وعروض,خصم العضوية لم يُضف إلى حسابي رغم تأهلي
خصومات_وعروض,النقاط المكتسبة لم تُضف لرصيد المكافآت
خصومات_وعروض,الكوبون يقبل الحد الأدنى للمبلغ لكن الخصم لا يُطبق
خصومات_وعروض,تطبيق الخصم يزيل منتجات أخرى من السلة
خصومات_وعروض,العروض لا تُحدَّث بانتظام على صفحة العروض
خصومات_وعروض,خصم المجموعات لم يُطبق على طلبي الجماعي
خصومات_وعروض,تلقيت بريداً عن عرض لكنه غير موجود في الموقع
خصومات_وعروض,كود خصم قديم استُخدم دون علمي في حسابي
خصومات_وعروض,لا يوجد تنبيه عند اقتراب انتهاء صلاحية الكوبون
خصومات_وعروض,خصم التطبيق لا يُطبق عند استخدام المتصفح
خصومات_وعروض,العرض الترحيبي للعضوية لم أحصل عليه
خصومات_وعروض,الاشتراك في النشرة البريدية لم يمنحني الكوبون الموعود
خصومات_وعروض,أسعار العرض في الإعلان مختلفة عن الموقع
خصومات_وعروض,خصم بطاقة البنك لم يظهر عند الدفع كما هو معلن
تأخير_توصيل,تأخر وصول طلبي أسبوعين عن الموعد المحدد
تأخير_توصيل,لم يصلني طلبي حتى الآن وقد مضى موعد التسليم
تأخير_توصيل,كان المفترض وصول الطلب أمس لكنه لم يصل بعد
تأخير_توصيل,وعدوني بالتوصيل خلال يومين ومضى أسبوع
تأخير_توصيل,الطلب ما زال في مرحلة جاري التجهيز منذ 5 أيام
تأخير_توصيل,رقم التتبع لا يُحدَّث منذ 3 أيام
تأخير_توصيل,مندوب التوصيل لم يحضر في الموعد المحدد
تأخير_توصيل,تأخر وصول هدية عيد الميلاد بسبب التأخير في التوصيل
تأخير_توصيل,طلبت التوصيل العاجل ودفعت رسومه لكنه تأخر
تأخير_توصيل,المنتج متوقف في المستودع منذ أسبوع دون سبب
تأخير_توصيل,الموقع يقول تم التسليم لكنه لم يصل بعد
تأخير_توصيل,مضت 10 أيام على الطلب ولم يبدأ الشحن بعد
تأخير_توصيل,لا يوجد توضيح لسبب تأخر الشحنة
تأخير_توصيل,التأخير أثر على احتياجي العاجل للمنتج
تأخير_توصيل,المنتج وصل بعد انتهاء مناسبة اشتريته لأجلها
تأخير_توصيل,الطلب محجوز في مدينة أخرى منذ أيام دون تحرك
تأخير_توصيل,مضى موعد الوصول المتوقع بثلاثة أيام
تأخير_توصيل,اتصلت عدة مرات لمعرفة سبب التأخير ولم يجبني أحد
تأخير_توصيل,التوصيل المجدول لهذا اليوم لم يتم حتى الآن
تأخير_توصيل,أُلغي الطلب تلقائياً بسبب تأخر التوصيل دون استرداد
تأخير_توصيل,الشحنة عبرت المدينة الخاطئة مما سبب التأخير
تأخير_توصيل,وصلتني رسالة نصية بتحديث لكن التطبيق لم يتغير
تأخير_توصيل,وعدني المندوب بالتوصيل صباحاً ولم يحضر حتى المساء
تأخير_توصيل,الطلب معلق في الجمارك منذ أسبوعين دون أي تحديث
تأخير_توصيل,أحتاج الطلب بشكل عاجل لكن موعد التوصيل غير محدد
oclar_2star,هذا الفندق ينقصه بعض الاشياء داخل الغرف مثلا عدم وضوح القنوات التلفزيونية وجود اعطال في الحمامات ولا تستطيع وضع الملابس داخل الحمام الا على المغسلة وليس به وجبة افطار صباحية اما موقعه فهو جيد وقريب على اماكن التسوق وقريب جدا من المطار
oclar_1star,المكان غير جيد
oclar_2star,لا بأس
oclar_1star,في غرفة؟
oclar_1star,ماء الفندق مالح غير عذب .. كذلك خدمة الانترنيت سيئة جدا .. وجبات الفطور سيئه .. وكذلك تعاملهم سيئ غير مؤدب ..
oclar_1star,دون المستوى من خلال الطلبات وتقديمها بحيث تنتظر مدة ساعه لتأخذ اذن بالطلب.. وغيرها من الأشياء
oclar_1star,لحمة مشوية غير ناضجة والحمص غير جيد والفتوش رديئ والبطاطا سيئة لا انصح احد بأكل الطعام الشرقي
oclar_2star,محل جيد جداً يوجد فيه البسه ولادي والبسه نسائي والبسه رجالي واحذية لجميع الاعمار ويوجد مكان لادوات منزلية محل عائلي بامتياز واسعار مدروسة جدا لجميع الفئات
oclar_1star,قد تجد اسعار رائعه وليس دائما
oclar_1star,ساندوش مابشبع صوص
oclar_1star,غلوجي نصاب، يدّعي التدين وهو محتكر
oclar_1star,اسعار جدا مرتفعه و ليس لديه الخبره الكافيه في كل الاقسام…
oclar_1star,الخدمات سيئة جداً😡
oclar_1star,غير مهتم بزبون
oclar_1star,وزارة كل مين فاتح عحسابو وقت يللي بدو بيسكر و بيمشي ويلي مستلم ملفات أدوية الناس المدعو عادل نجيم دايما غير موجود و لدى السوءال للموظفين عن السيد عادل نجيم اجابوا بانه لم ياتي الى مكتبه منذ اكثر من اسبوعين وخذوا على وزارة صحة وعلى تصريحات عالتلفزيون بتفكر عم يحكوا عن وزارة الصحة بباريس فليتفضل معالي الوزير خاصباني و يسال الموظفين على الأقل عن الدوام حيث ان هذه الوزارة من اهم الوزارات نظرا لحاجة الناس لها فهي ليست وزارة للسياحة و الترفيه حتى يمكن اهمالها بهذا الشكل حيث انه بتاريخ ٥/٧/٢٠١٨ الساعة ١٤:٠٠ لا يوجد اي موظف في الطابق الرابع سوى عنصر أمني يعتقد انه مرافق معالي الوزير
oclar_1star,خدمة سيئة كوضع البلد بالضبط، يضاف إليها إضراب. كتير حلو.
oclar_1star,) مش كل الناس عندها انترنت لتحتى تشوف فاتورتها أو تفتش عشي رقم تضربو انتو ويلي قلكم تدخلو اوجيرو بالانترنت
oclar_1star,جميل لا بأس
oclar_2star,مكان جميل ويوجد به محتالين
oclar_2star,حلووو
oclar_1star,ثلاث ايام من التقيؤ والاسهال وقد يكون اكثر بسبب التلوث
oclar_1star,روعه
oclar_1star,حلو كتير
oclar_2star,شاطئ مقبول ..الرمل والبحر حلو وجميل لانو من خلق الله...اما الخدمات تعيسة جدا وتعامل سئ..
oclar_2star,) غير صحيه لا يوجد فيها خدمات عامه لا يوجد موقف للسيارات خاص به
oclar_1star,الشط مجوي و مقلعط فاتحين المجارير على البحر
oclar_1star,شاطئ وسخ
oclar_2star,لا يوجد به اَي مقومات المتعة
oclar_1star,اسوأ كافيهات و مطاعم هيي المطلة على الروشة
oclar_2star,ليست بالمستوى المطلوب
oclar_1star,الشاطئ ملوث
oclar_2star,جميل
oclar_1star,) شاطيء رملي كان نظيف وجميل الان شاطيء وسخ ومليء بمياه الصرف الصحي وذو رائحة كريهة
oclar_2star,ليس جيد
oclar_2star,بقرف
oclar_1star,إنارة ضعيفة وشباك مخزّئة
oclar_2star,كتير مرتب وحلو بس الخدمه والكرسونيه عاطله جدا الا ازا كان شي ضابط او مسؤول اما عامه الشعب لن يتعشوا مع انو الدفع سلف قبل الدخول
oclar_2star,) بحطو سعر الاكل على ال menu شي و السعر بكون اغلى انا طلبت صحن ناغتس كل مرا بكون حقو 4 بس هني بعوني يا ب 5 و قالولي انون غلو الاسعار و انا لس ابل بيوم طلبت ناغتس ب 4 الاف
oclar_1star,لا بأس
oclar_1star,كل الأفراد مهزبين و النجمة لي حطيتها بس بهالشي لان كل الامور الباقية سيئة جدا كخدمة متل اعطاء معلومات و ارشادات للناس خاطئة ،ما بيعرفوا شو الملفات لي بتتقدم بفرع المديرية العامة و شو بتتقدم بفرع المتحف أو مقابل السوديكو . كل النهار الناس رايحة من فرع لفرع و من طابق لطابق و المعاملات بتتاخر لتخلص مش معروف ليش رغم انو بتلاقوا كتير في أفراد جالسة ما عم تعمل شي و ما في ضغط معاملات و فوق هيدا كلو بينتزع عندن السيستام و بتوقف المعاملة و ما حتى بيتصلوا فيك ليخبروك انو تتعطل و في تاخير لانو تغير برنامجك و حجوزات و امورك.كلو تفويت بالحيطان و تضييع وقت و استخفاف بالعالم و تسلاية و قلة قيمة لوقتنا. (
oclar_1star,اسواء ناس بشوفهن بحياتي عناصر الامن العام واحص بالذكر العدليه قمة في قلة الادب و قلة الاحترام جهل بالقوانين محسوبيات و محاصصات طائفيه خربتو سمعة البلد للمغتربين اللبنانيين و الاجانب (
oclar_2star,لا مواقف ولا أمان
oclar_1star,مش منيحة لان اذا بدك تصف مشكلة ولسورين ياعين
oclar_1star,غير مخصص لطلب من قبل شخص واحد و هذا امر غير مستحب انه اذا شخص اجا عباله ياكل لحاله مافي يطلب ديليفري غير ليصير حسابه 24000ل.ل انه الواحد مجبور يطلب بقيمة 24000ل.ل ليوصلولو ديليفري + 2000ل.ل ديليفري شارج شو هل مسخرا
oclar_1star,البارحة ذهبت الى مطعمكم الفضيل ،دخلت و قلت للموظفة ارغب بالجلوس و انني وحدي ،عندما كانت تبحث لي عن مكان للجلوس تدخلت امراة على ما اعتقد انها زوجة صاحب مطعمكم الفضيل لتقول لي ليس هناك مكان كان يجب ان تحجز قبل المجيئ يمكنك الجلوس في المطعم الثاني التابع لنا في الطابق السفلي ..فتدخلت الموظفة التي كنت قد اخبرتها انني جأت للاستماع على عزف شادي العواد انه جاء من اجل شادي فقالت لي صاحبة مطعمكم الفضيل انه لا يمكن لك الجلوس و في كل الاحوال على من يجلس ان يطلعب العشاء !! لا اعتقد انني ذهبت لادرس في مطعم !! لقد ذهبت كي اتناول الطعام و اشرب النرجيلة !اولا كانت الطريقة جدا خاطئة خاصة في ما خص موضوع العشاء !! ثانيا كمطعم مثل مطعمكم الفضيل لا اعتقد انه يصعب تأمين طاولة و كرسي واحد !! ثالثا كانت هذه زيارتي الثانية الى مطعمكم الفضيل و لكن للاسف لم تكتمل و لن تكتمل.. شكرا ل أفندينا على هذا التعامل مع الزبائن...هذه كمشكلة لا حل لها حيث ان المشكلة من اصحاب المحل و ليست من موظفة !! شكرا افندينا على حسن التعامل بالتوفيق !!
oclar_1star,هذه اول مره ازور مطعمكم. الاكل عادي و الخدمة منيحة. و لكن كمية الطعام قليلة مثلا: الطاووق لم يكن معه بطاطا. و اسعارها غاليه بالنسبة لحجم الاكل. و لم توضعوا اشارات المطعم على طول الطريق
oclar_1star,عفكرة المطعم بجنن لقمتو طيبة واكلو بشهي وشي ولا اروع من هيك اكل مطعم ستايلو وديكور حلو عندو اكتر من خبزة صاج او مروق ول غريب في خبزة بيتا اذا بتجربوا كتير طيبة غريبة وبتجنن ولفت نظري كبة شاورما ..دجاج ..او لحمة ..مع سوس معا  مطعم بموقعو الحلو بصيدا بجنن وانا ابن صيدا بفتخر بهيك اكل طيب..ولذيذ ..
oclar_1star,يوم الاحد عالشخص ٥٠$ بوفيه مفتوح واذ منكتشف انه المياه والبيبسي مش داخلين بال٥٠$!! وكنا ٨ اشخاص وكل واحد طلع عليه ١٠$!! كل واحد دفع حق مياه وبيبسي وبيرييه ١٠$!! يعني اللحمة والدجاج والسمك ارخص من صندوق المياه؟ والبيبسي؟ والبيرييه؟
oclar_1star,"يا جماعة حابب خبركم شو صار معي و مع عيلتي.. مبارح حجزت بمطعم تلة نصر يلي بمنطقة نعص. و لما حجزت عالتلفون خبروني انه المطعم فاضي بعد العيد و انه رح يعطوني طاولة بنص المطعم عالاطلالة. حجزت طاولة كبيرة و طلعت لهنيك عالغذاء مع عائلتي و معنا كان ضيوف. اول ما شافونا بالمطعم و سمعوا لهجتنا السورية قالنا الجرسون انه رح يعطينا طاولة بالقسم المغلق من المطعم. قلتله للجرسون بس انا حاجز برة و المطعم شبه فاضي بقى ليه بده يعطيني جوه المطعم بالقسم المغلق قام قالي انه كل الطاولات محجوزة.  قلتله ما انا عامل حجز من مبارح و على أساس طاولتي بنص المطعم عالاطلالة و ما في مشكلة.  قام عَصّب الجرسون و قال انه هاد الحاضر.  طلبت احكي مع صاحب المطعم مع العلم انه انا عندهم زبون معروف و دايما بطلع مع عائلتي و بيعرفوني منيح. رحت لعند صاحب المطعم و قلتله انه انا مستغرب من هالطريقة بالحكي معي و انه الجرسون يلي حاكاني قليل أدب قام بهدلني صاحب المطعم و قال ""انا ما بسمحلك تحكي هيك عنه و هو احسن منك"" و قال انه اذا ما عاجبني احمل حالي انا و عائلتي و ننقلع من مطعمه لانه ""أنتو من اول العيد هلكتوني"" قلتله مين انتو؟ ما انا ما اجيت لعندك كل العيد!!! قام قالي انتو السوريين هلكتوني و ما عاد بدي ياكم عندي بمطعمي و هاد المطعم الكم وهبوني ياه!!! زوجتي كانت معي عند صاحب المطعم و حاولت تحكي قام الجرسون قالها ""رجلي فيكي!!!!!"" انا بهاللحظة فعلا تفاجأت من نبرة الكراهية يلي بصوته و تفاجأت من الاهانة يلي تعرضنا الها انا و زوجتي و ضيوفنا يلي معنا. قلتله انه قليل أدب و نحنا ما بيشرفنا نفوت لعندك عالمطعم و ما بيشرف لبنان انك تكون لبناني و عندك هالكراهية كلها النا. هي اول مرة بتعرض لهيك إهانة و هيك موقف و بتمنى من الكل يقاطعوا هاد المطعم لانه شخص بهالكمية من الكراهية للسوريين ما لازم ندوس مطعمه رح قدم شكوى رسمية بهاد المطعم لوزارة السياحة اللبنانية يلي اكيد هاد التصرف ما ممكن تقبله بحق اي شخص غريب عّم يفيد قطاع السياحة و المطاعم بالبلد و هيك تصرف ينم عن زعرنة و قلة أدب و بيعطي صورة غير حضارية عن لبنان"
oclar_1star,ادارة فاشلة  دخلنا مجموعة اصدقاء طلبنا اراكيل وحلويات لكن الادارة رفضت الطلب لأننا لم نطلب عشاء وبررت الرفض بأنها مؤسسة لتقديم الطعام وليس فقط للاراكيل والمشروبات والحلويات
oclar_1star,حسن الإستقبال وخدمة الزبائن مع الوجه البشوش من أهم صفات المطاعم في العالم ومع الأسف هذا ما يفتقده بعض موظفي هذا المطعم. إذ أظهر البعض الوجه العبوس  مع التحديق بالجالسين عداك عن إظهارهم لعدم رضاهم عن ما طلبت !! وصاروا يتوشوشون فيما بينهم أمامنا مرارا وتكرارا... كانت أول زيارة لي لهذا المطعم ولا شك أنها الأخيرة.
oclar_1star,مطعم ابدا مش منيح ما حدن بيجي بياخد الطلبية ولا شي مطعم سيء جدا جدا واكله ابدا مش طيب لقد نطرنا ساعتين ما حدا مرق وسالنا شو بدكن تطلبون من الماتر
oclar_1star,الدجاج نزل و بعد ٢٠ دقيقه البطاطه و المقبلات. خدمه سيئه جداً ١١ شخص كنه شي بسم البدن و الاراجيل شي تعتير كتير كتير ٥ دقائق كانة الروس محروقه و ربع ساعه ليجو يشيلو الاكل الخالص شي ابدن مش مقبول !!!!!!
oclar_1star,"I will write in Arabic to let everyone understand this Very Bad Experience at the new Saniour Antelias.  ١-الطلبية  chicken seasear salad النتيجة : عضمة صغيرة بالسلطة  Chicken avocados sandwish ( please without mushroom, because i have severe allergie) النتيجة : السندويش مرتين مع فطر  Plate taouk and grilled meet النتيجة : اللحم محروق ، والكمية جدا قليلة هيدا كلو منيح ، لما يشرّف ال supervisor ويربحك جميلة بصحن بسكوي او شوكولا و صحن حلو ثاني، و بزينن بجملة ، أنا ما عم راضيك، بس لازم طعميكن شي ،  NO HAYATSI ,  انا مش ناطرك تضيفني ، وما تربح جميلة مسيو peter  مفروض تجلي صحون الdessert قبل ما تربّح جميلة  (The desserts plate was durty with Kutchup)  طلبنا الفاتورة، وصلت مع قنينة فنتا كنا طالبينا اول ما وصلنا ومع كل هيدا الشي ، المدير ما شرّف عالطولة،  بس لحقنا لبرا الاستاذ بيتر و عم بقلنا لما تجو مرّة ثانية سألوا عني لا حياتي ،  لا انا ، ولا اصحابي ، ولا حدا بشرفو نجي ندفع مصرياتنا بمحل ما بيحترم زبوناتوا و بقدم أكل كتير غالي بالنسبة للنوعية وشكراً"
oclar_1star,خدمه سئيه جدا جدا جدا لا انصح به لانه في زوماتو يوجد خدمه التوصيل على حارة حريك حيث تم طلب طلبيه ولك يتم ايصالها والقول بان الحد الاقصى كاليري سمعان والذي يبعد دقيقه على الدراجه الناريه، نامل ايصال هذه الملاحظه للسيد محمد العزيري شكرا والغاء خدمه الدلفري من زوماتو لانه لا يتم التوصيل.
oclar_1star,طلوب اليوم وتعشا بكرا ، ساعتين ليوصل الطلب وهيدي اذا وصل بساعتين ما بنصح حدن مخور او جوعان يطلب من المطعم هيدا بيموت الجوع  وما بياكل وكل ما تتصل فيهن لتشوف وين صار الطلب بيقولولك انتا شو طالب سندويش لبني ان هيدا اوردر الصبح . بيضحكو
oclar_1star,عندي ملاحظة زغيري ليش لموظفين ما بيضحكو للرغيف سخن و بضلن يجئوررو بالعالم و في بنت سمرا و ناصحة وقصيري شوي بضل عم تجئر بالزباين لأفضل انو تعلموا كيف تعامل لعالم قبل ما تشتغل بي مطعم
oclar_1star,"مرحبا , تعليقي موجه لادارة المطعم : للاسف الشديد السرفس عدم شرعي يعني الويتر ماخصو وماعنده خبرة بشي لا بأخد الطلب ولا بلخدمة , منجي للشق التاني وهو نوعية الاكل : طلبنا كرسبي ساندوش وبرغر وطاووق و صحن عرايس وعلبتين بطاطا مقلية وطبعا جابو البطاطا المقلية اول شي وتأخرو شي نص ساعة بلباقي ,البرغر وصلت اللحمة مفحمة وسودا وطبعا ناشفة , الكرسبي ماشي حالها , صحن العرايس يعني ياريت صورت الصحن , والله حتى الشحاد بلشارع بتستحي تقدمله العرايس محروقين , ماعم افهم الويتر كيف اله عين يجيب الصحن , ولو مابدها خبرة بدها بس تحطو اشخاص مناسبين بلمكان المناسب....للاسف دفعنا الحساب وتركنا الاكل ولغينا صحن العرايس من حتى يتبدل...."
oclar_1star,I will be polite and friendly اليوم الساعة ١١:١١ مساءً طلبت ٢ سندويش لحمة شقف ، الموظف شال سيخين اللحمة من البراد لونن كان رمادي غامق ، اوقفته واسترجعت نقودي بوجود المدير ولم اتلقى كلمة إعتذار وكأنني انا المخطئ
oclar_2star,الاكل كسرعة ايصاله و طريقة توضيبه و عرضه ممتازة بس !!! للاسف السجق كتييير طيبة اما اللحمة و الدجاج ابداا ما طبيين بعكس الصور بصراحة اشتهينا الصور بس طلعت بالعكس
oclar_2star,لا بأس
oclar_1star,المحل حلو.. مرتب بس اليوم الافطار كان لاربع اشخاص .. ٤ اشخاص ب ٢٧$ يعني ١٦٢ الف وبالمازة قرصين كبة مقصوصين بالنص يعني ٤ نصاص نص قرص لكل شخص و٤ رقاقات و٤ سبانخ وملعقتين حمص وبدي افهم اذا نزل شخص واحد كيف بينزلو قائمة رمضان؟.. القهوة ضمن قائمة رمضان ودفعنا حقها عجنب وجايبين غاتو ضل ٣ ساعات برا البراد واجا سايح.. المسؤولة عن الاستضافة كانت لئيمة لان طلبنا نغير طاولة بعد الافطار لان جايي عدد اكبر.. تنين منا انكب علين قهوة ومنفضة من الوايتر.. كانت تجربة مجرصة خصوصي انو جايبين ناس من طرابلس لنفرجي المحل قديش حلو..تسود وجنا
oclar_1star,كتير غالي ، طلبنا حلو و نيسكافيه ب ٣٤٠٠٠ ، ما في كل أنواع الأكل ، و لا المشروبات !! بس خرج أرغيله ، لازم يتسمى قهوة فريد ، اختنقنا من ريحة الأراغيل و الدخان !!
oclar_1star,مرحبا...عفوا بس رغم انو المكان مقبول شوي كمنظر وكجو من موسيقى بس الخدمة جداً سيئة وبطيئة جداً يعني بدك تبحبش على حدا ياخد منك الطلب وشكراً..
oclar_1star,شهادة بدها ٧ سنين لتطلع. لو عم شقف الشجرة وصنعها وأعملها شهادة كنت خلصت من زمان !
oclar_2star,من حقنا يكون عنا ملعب ميني فوتبول بمواصفات جيده  ومن حقنا بفريق لكليه ينافس باقي الكليات وباقي الجامعات
oclar_2star,انا زرت مطعم الجواد وتفاجأت ان لائحة الاسعار مختلفة كليا عن zomato واغلى والوجبة ليست كريمة الكمية قليلة بالمقارنة مع السعر ولن أعيد ا زيارته
oclar_1star,أفشل مطعم بحياتي ممكن شوفه من الإدارة و الأراجيل و المعاملة و الموسيقى و لو في صفر كنت حاطيت صفر بدل ال ١ .... أرجيلة ما بتنشرب و ٣ كابتشينو من بعد ساعة و نص و طلبنا الحساب لإجووو .... حرام هيك مطعم يكون في هيك إدارة
oclar_1star,مابيردوا على الإتصالات، ممكن تتصل لمدة ساعة و نص و ما حدا يرد ، مش اول مرة بتصير معي. ممكن تكون عازم حدا و يفشلوك لسبب غير معروف، كنت زبون و هلق الحمدالله بطلت.
oclar_1star,الطرطور في الشاورما فاسد اشعرني بالغثيان طعمه جدا مقزز لا يطاق اسوء طبق شاورما في لبنان حتى انني لم اتمكن من بلع لقمة واحدة تدني في مستوى الطهي لا ادري استهتار من الادارة ام سوء تخزين 🤢🤢🤢🤢🤢
oclar_1star,من اسوء المطاعم في بيروت رحنا نعمل عيد ميلاد صاحبنا بهالمطعم و كنا ٥ اشخاص و اخدين معنا ٥ قطع كاتو سواريه gluten free لأن صاحبنا عنده حساسية من القمح و ما بيسوا ياكل شو ما كان المهم بالأول طلبنا اراغيل لبعد شي ٢٠ دقيقة توصلو .. رجعنا طلبنا من menu مشروبات و خبريات لبعد نصف ساعة بالضبط لنزلت الطلبية و يا ريت كانت صح، بتطلب بارد بينزلك سخن و اكتر من مرة يشيل و يحط مش عارف الطلبية الصح عدا عن الموظفين ما عندهم خبرة لا بالاكل و لا بالخدمة و تيجي لعندك لازم يكون عندك واسطة تيقرّب ع طاولتك. منوصل للكاتو، منقللو عمول معروف بدنا ه صحون كرمال نقدر ناكل الكاتو، فبغيييييب اكتر من ٢٠ دقيقة و بيجي بخبرنا بدو ٥٠٠٠ ليرة خدمة عكل صحن! هيدا غير الفاتورة الكلها غلط بغلط ، شايل اشيا و زايد اشيا يعني بالمختصر المفيد اسوء مطعم ببيروت و حرام هيك موقع حلو بهيك مطعم اقل من المستوى
oclar_1star,كان معا حق الماما ما في أطيب من عروس لبنة بل بيت
oclar_1star,كنا امبارح . المكان مقبول . الاكل محدود جدا و غير لذيذ . الارز ليس ارز اورينتال. و اللحم ليس لحم لكن بلاستيك . الصوص لا دخل له باي صوص اسيوي لا من قريب او من بعيد . العمال مهضومين كتير لكن دون اي نوع من الخبره . صاحب المحل ليس له دخل في الاتيكيت . كان معنا ولاد اول مره بفوتوا عمحل من هذا النوع . لقد سكبوا صحن واحد بكلفة ٢٠$ . و الاحسن من هذا انه بده يشررج عالصحن يللي لم ياكل. نحن اتينا من الخارج و في المره الاولى اشعر هذه المعامله في لبنان او خارجه. كان يرافقنا اجانب و كانوا الاولاد يترجمون لهم ما حصل .و لم يصدقوا . بعد ان زاروا معنا عدة مطاعم ف لبنان من مستوى اعلى و من مستوى اقل بكثير كلفة و اناقه . لكن اول مره نعامل بهذه الطريقه . صاحب المحل اجبر احد العاملين ان يقف وراء طاولتنا و بصوت عالي يامر العامل ان يحصى عددنا. اف اف اف . لم ارى معامله كهذه مع الزبائن ق اي بلد لا في العالم الاول ولا في العالم الثالث
oclar_1star,"اتصلت بهم اليوم لأطلب الصحن اليومي واخترت ""الغمة"" كانت الساعة ١:٣٠ وطلبتان تأتي الطلبية ٢:١٥. اتت الطلبية ٢:٣٥ ولم تكن غمة بل كانت ""كبة"" اتصلت لأبلغهم ذلك فسمعت ضحكات مجموعة من الموظفين وأقفل الخط.  احسن حظي كان موظف التوصيل ما ذال موجود فرددت الطلبية معه وعاد عند ٣:١٥ مع الغمة. كل هذا ولم اسمع منهم اي اعتذار أو تفسير. النتيجة خسروا زبونا"
oclar_2star,المطعم يطل على مناظر جميلة من جهتين / صعب الوصول اليه من المرة الأولى / لائحة الطعام متنوعة وغنية / الطعام متوسط النكهة / الخدمة سيئة للغاية / الأسعار عالية بعض الشيء
oclar_1star,اسوأ محل ممكن انو واحد يجربو ... اول شي لازم ينعمل training للموظفين كيف يحكو مع العالم . تاني شي بس واحد يفوت لعندكن عالمطعم ما بتجو بتقولولو لازم يطلع حسابك 50$ و طلوووووع هيدا الشي عيب و بس نسأل عن السبب يخبرنا الشب انو جايبين موظفين اكسترا بدنا ندفعلن nowayyyyyyyyyyyyyyyyy
oclar_1star,بتطلب شاورما و علبة بطاطا بتوصل الشاورما بلا البطاطا بتدفع حق الشاورما والبطاطا بتتصل فيهم بتقلك يالله حنبعتلك بتوصل البطاطا بعد ٤٠ دقيقة بردانة…
oclar_1star,يا عيب شوم على هيك customer service متل كأنو الواحد عام يشحد من عندكن مافي أبداً ترتيب بالتعامل مع زبون ولا حتى نبرة ولا اخلاق بالحكي كلو تدفيش بتدفيش وديليفري مش عرف حالو إذا بلبنان أو بكوالالمبور 20 مكالمة لا يستدل عل عنوان وبالأخر بضل ساعة ونص لا يجي الأكل متلج ومتل كأنك عام تاكل خشب صراحة حرام على هيك محل يكون عندو هيك customer service وهيك معامله لازم توظف ناس ترفع من قيمة المحل مش تبهدلو قدام ناس راقبو اتصالاتكٌم وشوفو كيف عام يتعاملو موظفينكن مع الناس وكمان شغله بيجي ديليفري معو طلبية حامل بجيبتو000 100 مندون صرافة ما معو غيرا وكان إلو ساعة ونص على طريق  It was a very bad 
oclar_2star,أطيب لقمة عند poule d'or وأحلا قعدة ونضافة وترتيب واحلا خدمة الله يوفقكن يا رب أطيب شاورما وفروج ومشاوي وسندويشات وارتب صالة فروج ني بلبنان  بيلبقلكن لانكن ولا مرة عاملتونا انو زبونات عطول بنحس المطعم النا
oclar_1star,خدمة ضعيفة جداً وتأخّرٌ في تسليم الطلبات.طاقم عمل ينقصه الخبرة في خدمة الزبائن أما بالنسبة لنوعيّة الطعام فلا بأس بها.يجب عليهم إعادة النظر بالأسعار
oclar_1star,الموظفة الموجودة على الصندوق بتاريخ ٧/٩/٢٠١٨ الساعة ١٧.٠٠ غير لائقة وتتحدث بطريقة مقززة مع الزبائن وكأنها تعمل غصبا عنها في المطعم..........
oclar_1star,I was poisonned!!!! ( dahye branch ) NOT RECOMMENDED طلبت سندويش شاورما دجاج عالبيت و كانت كتير طيبة لدرجة حسيت حالي بالجنة بس بعد شي ساعتين صرت بجهنم و كأني اكلت التفاحة اللي الله قلو لآدم لا تقربها !!! تسممت و لو ما لحقت حالي بدوا قوي كتير كنت فتت مستشفى من الوجع اللي صابني !!! اخر مرة بطلب من عندكن ! مع انو اخواتي دايما بيطلبو  و الحمدلله ما بيصرلن شي يمكن صار عندن مناعة ! I ordered a chicken shawarma sandwich from the dahye branch i was so satifstied that it came fast it was very delicious BUT ! 2 hours later ( aprox) i started to feel VERY BAD STOMACHACHE and it was getting worse i started swetting and lost my power but i took a very strong medicine and everything was okay later !
oclar_1star,"Very bad place, while it looks nice! service is not good at all, the most horible see food soup is served in that place, waiters are not paying attention, expensive! I informed the waiters that I don't like thr food, they didn't take any action! I asked to meet with the manager, tgey refused!! Generally not recommended at all! المطعم غير جيد بالمرة.. لديهم أسوأ شوربة ثمار البحر على الإطلاق . خدمة العملاء سيئة جداً.. أبلغتهم بأن الطعام لم يعجبني فلم يكن لهم أي رد فعل.. طلبت مقابلة المدير رفضوا!! بالإضافة لأن المطعم غالي بلا مبرر!"
oclar_1star,الموقع جيد و ما عدا ذلك لا انصح بارتياده .اسعار مرتفعة جدا و نوعية الطعام عادية.المكان غير مريح على الإطلاق.الطاولات متلاصقة بشكل مزعج و كان المطلوب استقبال اكبر عدد عَل حساب راحة الزبائن و نوعية الخدمة
oclar_1star,لقد طلبت ابنتي من عندكم وجبه غداء شاورما تركيه ولقد تسممت واصابتها حاله من الاستفراغ والاسهال الشديد ولا انصح احد ان ياكل من عندكم يعني متل ما بقولو كول وموت
oclar_1star,سيء جدا أكلنا من عندو اول يوم العيد سوده و تسممنا و كلنا بالمستشفى 3 أشخاص مع العلم انو كان جيد . و تقدمنا بشكوى لوزارة الصحة. .............
oclar_2star,ازدحام
oclar_2star,جيد
oclar_1star,حلوووو
oclar_1star,عاطل
oclar_1star,أنا لا أكره هذا المكان
oclar_1star,ليسن فيها اهتمام كثير
oclar_1star,حتى انتو عندكن وسايط الله يعينو السيد بس
oclar_2star,شي بيشبه المحطه
oclar_2star,روووووووعه
oclar_2star,ما في ابشع من هيك 
oclar_2star,المطعم يقدم الماكولات البحريه ولكن الاسعار خياليه ومبالغ فيها لم يعجبني الاكل
oclar_2star,خدمه ممتازه وأكل لذيذ ... النقطه السلبيه هو مدخني الاراكيل والسكاير المزعجين ...حبذا لو لايسمح للمدخن التدخين داخل القاعه...وشمرا
oclar_2star,الطعام المقلي سيء جداً وطعمة الزيت 😣😣😣 ولكن السمك المشوي كان رائع والفتوش لا بأس به ولكن يجب التحسين اكثر
oclar_2star,الطعام المقلي سيء جداً وطعمة الزيت 😣😣😣 ولكن السمك المشوي كان رائع والفتوش لا بأس به ولكن يجب التحسين اكثر
oclar_1star,عادي 
oclar_2star,العمالة اللبنانية منقرضة و الشاورما غير ناضجة و الخدمة صفر
oclar_2star,لا تعليق
oclar_1star,مكان عادي جدا
oclar_1star,حلويات ليست بلجودة ويجود شوفت حال 
oclar_1star,حلويات ليست بلجودة ويجود شوفت حال 
oclar_2star,نااايس
oclar_2star,لبنان
oclar_1star,عادي
oclar_1star,كلو زباله وخدمه زفت وريحتو طالعه
oclar_1star,يا زم شو هاد 
oclar_1star,حتيت
oclar_1star,منطقة مهملة وغير نظيفة
oclar_2star,جيد
oclar_1star,الاسعار غالية كتير
oclar_1star,جميله
oclar_2star,الاكل غير لذيذ والخدمه بطيئه والمعامله غير مريحه الحديقه جميله لكن السيارات مزعجه لاتشعر بلهدوء لكن العاب الاطفال ممتعه بلنسبه لهم امان وفرح لكن من الافضل تغيير مكان الحديقه عن الشارع اذا كان ممكن
oclar_2star,الاكل غير لذيذ والخدمه بطيئه والمعامله غير مريحه الحديقه جميله لكن السيارات مزعجه لاتشعر بلهدوء لكن العاب الاطفال ممتعه بلنسبه لهم امان وفرح لكن من الافضل تغيير مكان الحديقه عن الشارع اذا كان ممكن 
oclar_1star,بحاجة الى توظيف اكبر عدد من اللبنانيين
oclar_1star,مو زياده ول اكل كلو بارد وخدمه مو منيحا انا بنصح لالالا
oclar_1star,تمام
oclar_1star,كان من قبل جيد
oclar_2star,محل شعبي جدا وجربت من عنده الدجاج المقلي وكان لازال الدجاج نيئ 😣😣
oclar_1star,مكان ظريف
oclar_1star,خدمه دلفيريه شي سيئ كتير
oclar_1star,سيئه
oclar_1star,لانه غير نظيف وا الاطباق وسخة
oclar_1star,ﻻ يوجد ادارة جيدة
oclar_1star,الخدمة بطيئة
oclar_1star,سيئ
oclar_1star,طريقة التعامل
oclar_2star,بيروت
oclar_1star,نعم مطعم جيد وخدمته سريعه
oclar_2star,ليس كما يجب
oclar_1star,مطعم زفتتت أنا بدق لعندون عشان اطلب أكل بيرفضو لأني قاعد بالليلكي!!!!!!!!!!!! شو هيدا المطعم يللي بيرفض يبعت دليفري !!!!!!!!!
oclar_2star,حماة
oclar_2star,عجبني
oclar_1star,الصراحة ولا شيء سوا الصراحة المكان جميل ولكن الطعام من معظم الاصناف لا طعم كم يجب وبالمناسبة انا لا احب سوى الطعام لا يهمني سوى بطني
oclar_2star,امنعو التدخين في المطاعم كما هنا في اوروبا،االدخان شى قرف،خاصة في المطاعم،،،على الحكومة اللبنانية منع التدخين في الاماكن العامة بالناس.شئ لا يطاق...قرف
oclar_2star,الأكل ليس غني خدمه بطيئه توقعت الأفضل للأسف..
oclar_2star,مش متل صور
oclar_1star,طعم الجواد أسوأ مطعم أفطرت عنده، حجزت على افطار كل شيء من إل مقبلات للخدمة وحتى الطبق الرئسي نزل بعد ساعة ونص من الافطار‎ ولم كلامنا إل مسئوول كان تعاطيه سيئ 
oclar_1star,انا أكره هذا المكان لانو انا رحت ذات يوم وكرهت اكلو الأكل مش طيب
oclar_1star,لا تخدعكم الصور انه يبيع اطعمة فاسدة انا قد ذهبت اليه قبل سنة ومن ذاك الوقت انا لم اعود اذهب اليه 
oclar_2star,متوسط الحال
oclar_1star,لا بأس بها
oclar_2star,صالة ضيقة مليئة بالزبائن والتدخين
oclar_2star,طلعلي كرتونه بالساندويش ....ولما خبرت المدير ما كان عندو مشكله
oclar_2star,طعم لذيذ
oclar_1star,لا اعلم عنه شيئ
oclar_2star,اطيب شي الفهتا عندو
oclar_1star,سيءة
oclar_2star,لم يعجبني اكلة
oclar_1star,مطعم غالي جدا
oclar_2star,لم يعجبني اكلة
oclar_2star,اكل لزيز 
oclar_1star,اشك في انه مطعم !!
oclar_1star,مريح نظيف غير رسمي تعجبني اطلالته
oclar_1star,غلوجي حرامي ابن حرام مفكر حالو roadster's
oclar_2star,كان المكان هادئ وجميل
oclar_1star,مكان جميل هادئ والخدمة ممتازة والطعام لذيذ ةالأركيلة جدا ممتازة
oclar_1star,Worse place ever. 7500LL coffee made from a Nescafe packet. What a rip off. فنجان قهوة من ظرف نسكافيه ب7500ل.ل. عيب.
oclar_1star,خدمة نجمة واحدة
oclar_1star,طعام متواضع، موظفين جيّدين، منظر جميل ولكن لا يوجد مكان للصلاة؟!!!!!!!!! واللّه عيب
oclar_1star,المكان رائع ولكن الاسعار نار الضيفه في اكواب بلاستك وشراب الورد ما ببستاهل يكون حقو 250 ليرة. من الاخر ما بنصح حداة يزور
oclar_1star,تسممت غذائيا فيه واكله غير نظيف
oclar_2star,الأكل متوسط المستوي ولا يستحق مايدفع له
oclar_2star,الأسعار مش منطقية ... الجلسات متسخه افضل مالديهم كبه لبنيه ولحم بعجين غير شكل 👌🏻
oclar_2star,ارجيلتوا ابدا ماطيبه
oclar_1star,سيئ الخدم
oclar_1star,الشاورما كتير طيبة والسعر مناسب الها بس الخدمة زفت انا وقاعد شفت الويتر عطس بنص الوجبة لي كانت ب إيدو نتمنى تحسين الوضع
oclar_1star,الطعام جيد ولكن الأسعار لا تتناسب مع سكان المنطقة
oclar_1star,اقل من عادي. وخدمة ٠
oclar_1star,اذا حابب يصير معك اسهال كول من عنده
oclar_2star,اقل من عادي.. السمكان حسيته ضيق وقديم..
oclar_1star,مطعم سئ بمعنى الكلمة
oclar_2star,الاستقبال لا بأس الطعام سيئ جداً لا طعم ولا شكل ولا رائحة
oclar_1star,غالي جدا تم طلب عصافير 25 دولار عددها 7 سيئة جدا تم رميها مباشرة لان الطلب سفري
oclar_1star,سمعنا عنو وحبينا نجرب بس للاسف ما حدا عم يرد ع هاتف مش معقول هيك
oclar_1star,أبو علي
oclar_1star,لا انصح احد بتجربته
oclar_1star,الاسعار خيالية وغير معقولة وقائمة الحساب لاتتضمن اي تفاصيل ويخبرونك مقدما ان السعر للشخص الواحد ٦٦ دولار ثم يأتيك الحساب ب١٥٠ دولار عالاقل للشخص الواحد ابدا لا انصح بهذا المطعم
oclar_1star,جيدة
oclar_1star,شيئ جدا وبخيل
oclar_1star,مرتفع السعر سيئة الخدمة
oclar_1star,هاي فلافل فريحه من اطيب الفلافل الفاخره
oclar_1star,ممتاز فلافل بتشهي
oclar_1star,سندويچ لذيذ
oclar_2star,الخدمه سيئه جدا الطلب يتاخر ، ولما تطلب مويه يقعدو ١٠ دقايق عشان يجيبو مويه ، اتمنى تحسين المستوى والخدمه وجودة الاكل .
oclar_2star,سيء جدا
oclar_2star,المنقوشة خلوها اطيب من جبنها
oclar_2star,غالي وليس ب المستوى المطلوب لسمعته
oclar_2star,اللهم صلِ وسلم على نبينا محمد .. سبحان الله وبحمده سبحان الله العظيم
oclar_2star,خدمات و أكل لا ترتقي للسمعة التي اكتيبها
oclar_2star,وجبات سريعة ....وسط
oclar_1star,مكان مزدحم وصغير
oclar_2star,مكان الجلوس غير صحيح ؟ غالي الثمن ولا وجود اكل صحي فقط لحوم وبأسعار غاليه . الشاورمات غير صحيه وطعمها غير جيد ؟
oclar_1star,غالي جدا لازم تبيع عشيرتك حتى تاكل بيه و ظل سدد افلوس الحد ما تموت
oclar_2star,غلاء الأسعار وعدم جودة الطعام
oclar_1star,صجة وعجقة جدآ
oclar_2star,لقمة هنية
oclar_1star,جيد
oclar_2star,يبدو جيدا 
oclar_1star,المكان ليس واسع
oclar_1star,خراة
oclar_2star,مزدحم والطلبات تتاخر كثيرا وجودة الطعام ليست كما كانت (لبعض الاطباق) احد مسؤولي اخذ الطلبات عرض علي الغاء طلبي مرتين لاني سألته ان يساعدنا بتسريع الطلبات التي تاخرت اكثر من نصف ساعة
oclar_1star,غالي واكله عادي
oclar_1star,لا يأكل
oclar_2star,وسط مو زياده بصراحه
oclar_1star,رائع
oclar_2star,مطعم مرتفع الاسعار مقابل خدمة بسيطة
oclar_1star,مغلق
oclar_1star,سد البوشرية
oclar_1star,الخدمة سيئة .. الاكل اسوأ .. طلبنا اكتر من وجبة ولا وحدة قدرنا نخلصها .. الشنكليش و الموزاريلا ستيكس اطيب شي .. الاركيلة بتطفي 10 مرات ليجيبو فحم .. ببساطة هالمحل بس قعدة حلوة عالبحر وانت وحظك بالاركيلة .. المشروبات منوعة و طيبة
oclar_1star,مكان جميل وهادئ وأطلالة رائعة ... جلسنا المرة الأولى في صالة خارجية كان الطاقم جداً محترمين والمرة الثانية في الصالة الداخلية للأسف الطاقم في الصالة الداخلية خلونا نشعر أننا جالسين ببلاش مع العلم أننا أربع اشخاص ودفعنا لا يقل عن ٦٠ دلار فقط أراكيل ومشروبات ... خدمة الصالة الخارجية افضل والختيار صاحب المكان جدا رجل محترم ..
oclar_1star,مايميز المطعم فقط موقعة ،، وولا اكله مشي حالك
oclar_2star,اسوء اكل بلبنان كلو
oclar_2star,ماحبيته وكلهم مو مره زين. يكتفى بمشروبات فقط. لان اطلالته زينه على صخرة الروشه
oclar_1star,الجلسات غير جيدة
oclar_2star,جيد
oclar_1star,للأسف المطعم لايحمل من حضرموت إلا الإسم .. مع جزيل احترامي للأخوه السوريين اصحاب المطعم ، لايجيدون المندي الحضرمي ولا المظبي الحضرمي وليس هناك صله للمطعم بالأكل الحضرمي نهائياً ، مجرد اسم فقط
oclar_1star,من ناحيه الأكل عادي جداً والنكهه الحضرميه مفقوده تماماً يعني فيه مطاعم سوريه يعملو مندي قريب أكثر للنكهه الحضرميه، اما من ناحيه الديكور 0/10 له علاقه بحضرموت مش فاهم ليش تسمي المطعم حضرموت اذا الزبون لما يدخل المطعم ما بيحس بلجو الحضرمي الديكور كله حديث ومافيش أي شي من التراث الحضرمي أو اليمني بشكل عام، يعني المطعم معجون مش مستقرين على شيء ديكور حديث، شويه أشياء بدويه وأغاني عراقيه!! يعني أنا كاحضرمي الموضوع مستفزني جداً ياكونو قد الأسم أو بطلو. وغالي جداً
oclar_2star,مطعم مندي حضرموت - مأكولات شعبية خليجية وحضرمية في قلب بيروت النابض حي الحمراء مقابل ممشى الروشة مكان جيد ومناسب لقضاء أوقات ممتعه هناك كما انه يوجد جلسات ارضية وطاولات حسب الرغبة ملاحظة لا توجد مواقف خاصة للسيارات 
oclar_1star,الطعام الذي يقدمه ليس جيدا
oclar_1star,معاملة 
oclar_1star,"Zero star for food, 5 stars for view لا تفكر تطلب أكل ولا كبة ولا شي. اركيلة جيده مع فنجان قهوة"
oclar_1star,مكان معفن و قذر و الستاف حراميه و نصابين زي معظم مطاعم الروشه، قعدنا فيه يوم الاربعاء 12-9-2018 الساعه 6:30 مساءا و طلبنا الاوردر ليمون بالنعناع و فجآه نزلنا مياه بالعافيه و احرجته مرتين و قولتله مش واخد المياه لاني ما طلبتهاش،قالي لا لازم تاخدها و بتنزل اجباري علي الحساب قولتله ده شغل سرقه و حراميه و قومت سيبت المكان و مشيت و رغم موقعه المميز قدام سخره الروشه الا انه نتيجه السرقه و الستاف الغير محترم و اسلوبهم اقذر ما يكون فالمكام بتعدي عليه تلاقيه فاضي عشان ما حدش طايق يدخله، تحذير ابتعدوا عن الاماكن الي علي الروشه و خصوصا المكان ده لانه نصاب و العاملين غير محترمين و اتعاملوا معاهم بمنتهي الحزم عشان ما حدش يستغلكم
oclar_2star,مقبوال
oclar_2star,ماعجبني لأكل و موظفة صندوق نمرودة
oclar_1star,غير منظم واخطاء في الطلبات
oclar_1star,زدت نجم لاءنو اكلون بيشه
oclar_1star,عادي
oclar_1star,حلو بس الاسعار وصارو يبخلو علي الثوم والجبنه
oclar_1star,ما بيأخذوا ك كارت شو هذا
oclar_2star,لاستقبال لا بأس الطعام سيئ جداً لا طعم ولا شكل ولا رائحة
oclar_2star,الو
oclar_1star,من زمان كنت عم اشتغل بقلعة تشكن الله يرحم هديك الايام
oclar_2star,القلعة تشكن
oclar_1star,بدها كتير شغل عليها ضروري لان موقعها كتير حلو وكبيرة لازم يحسنو فيها اكتر
oclar_2star,شعبي نوعا ما
oclar_1star,قهوة ومطعم شعبي
oclar_1star,ما حلو وتقليدي واسعار غاليه عالفاضي وبحس حالو الواحد بالبيت
oclar_2star,جيد
oclar_1star,ولو نطلب النت ينزل عالفاتورة بعكس كل الكافيات ..
oclar_1star,خدمة ضعيفة
oclar_1star,"ATTENTION MADO YOU ARE:CHEATERS They do not have good manners to the Tourist customers specially in their Branch at Princess Island in Turkey. تحذير هام انتبهوا من محلات مادو لانهم غشاشين وحرامية.لانه في يوم 17 ابريل 2017 كنا في فرعهم في جزيرة الامراء(جزيرة الاميرات) وسألناهم عن سعر كرة البوظة الواحدة فأجابونا بأنها ب 3 ليرات تركية فأخذنا 9 كرات ولازم يكون المجموع 27 ليرة ولكنهم طالبونا ب50 ليرة وقالوا بأنهم وضعوا لنا البوظة في كباية بسكوت فاخرة غالية الثمن مع اننا لم نطلب ذلك ولم ياخذ اي احد رأينا وكنت وقتها مع زوجتي وأولادي الصغار فطلبت ان اتكلم مع المدير فجاء واخبرته بالموضوع فقال لي ادفع 40 ليرة وعندما رفضت لان السعر هو 27 ليرة حسب الاتفاق هجم علي ومسكه احد الموظفين فاضررت لترك زوجتي واولادي في المحل والذهاب لاحضار الشرطة التي حلت الموضوع وقالت لي ان ادفع الثمن المتفق عليه وليس الثمن الذي طلبه مني المدير والموظفون فانتبهوا من هذاه المحلات الغشاشين Attention: In Mado Stores, they are cheaters, and they use Violence against tourist customers, like what happened with us in their store in Princess island in Turkey on Monday 17 April 2017. when the Director attacked me when i refused to pay the amount they asked because the real price was 27 TL but they wanted 50 TL then i called the Police to solve this problem "
oclar_1star,بالمقارنة مع مادو تركيا كل شي بهالمطعم زبالة
oclar_2star,الشاي التركي مش طيب وبايت
oclar_1star,عادي
oclar_1star,الطعام لذيذ لكن الخدمه في توصيل الطلبات بطيئه
oclar_1star,لابأس
oclar_1star,) جيد ولكن الاسعار عالية جدا ...كيلو اجاج ٦٦٠٠٠ كرمال ٣ سمكات!!!!
oclar_1star,عادي واقل من عادي
oclar_2star,حلووو
oclar_2star,صالة ضيقة مليئة بالزبائن والتدخين
oclar_2star,كتير طيبين
oclar_1star,سيء جدا جدا جدا جدا جدا ................................................................................................................... ََ............................ َََ
oclar_2star,احب ذلك الماكينه 
oclar_2star,غير سخي ....يأخذ ثمن السندويش وزياده مكونات السندويش شبه خاليه من اللحم
oclar_2star,اسعار غير مدروسه
oclar_1star,تمييز بين الزبائن
oclar_1star,اكله مش طيب
oclar_1star,خدمة سيئ جدا من يريد أن يدخل المستشفى فل يأكل من هذا المطعم 
oclar_1star,من يريد ان يتسمم ليذهب إلى هوتشكن 
oclar_1star,شغلة كبيرة بس غالي ومافي نسوان حلوة
oclar_1star,نجمة واحدة بزايدة لا الاكل منيح ولا نظافة منيحة 
oclar_1star,جيد.
oclar_1star,يلزمه النظافة اكثر ومراقبة الطعام جيدآ
oclar_2star,الاستقبال لا بأس الطعام سيئ جداً لا طعم ولا شكل ولا رائحة
oclar_1star,سيئ جداً
oclar_2star,سهرة حلوة
oclar_1star,ابشع وابخل مطعم ممكن تشوفو بحياتكم انا نزلت عليه مع عيلتي ولعنت الساعة وما بنصح اي شخص بتجربته
oclar_1star,لا باس
oclar_1star,ماشي الحال. بس اسعار مرة غالية
oclar_1star,جيده واطلاله جميله وهواء رائع
oclar_1star,جيد ولكن الاسعار عالية جدا ...كيلو اجاج ٦٦٠٠٠ كرمال ٣ سمكات!!!!
oclar_1star,عادي وأكثر
oclar_1star,اكلون.مش طيب 😑
oclar_1star,ما تحاولو ابدا تطلبو لحمة نية .ما بتسوا.
oclar_1star,اكل طيب
oclar_1star,لا يعجبني ابدا لانه بشع
oclar_1star,مطعم شعبي زرخيص ووجبة كبيرة
oclar_2star,مطعم دجاج وجبات سريعة
oclar_1star,امم
oclar_1star,تجد ما تحب
oclar_1star,جميل
oclar_1star,عادي 
oclar_1star,طعم لذيذ جدا و كمية الطعام جيدة و خدماته ممتازه
oclar_2star,اسعارة مبالغ فيها وكله جيد الى متوسط
oclar_2star,مايستاهل
oclar_2star,الطعم عادي جدا والاسعار فلكية غالي جدا.
oclar_1star,تنطر وقت اكثر من اللازم والعمال لا يتعاملو بلباقة مع الناس
oclar_1star,أول ما بدأ كان أكثر من جيد اما الأن👎
oclar_1star,جيد
oclar_2star,لا بائس
oclar_1star,الرقم غير صحيح
oclar_1star,صفر 
oclar_1star,لا انصح احد بتجربته
oclar_2star,ثمنه باهظ، أكله عادي جدا
oclar_1star,سيء
oclar_1star,جيد
oclar_2star,في بدايتها
oclar_1star,انه مكان رائع
oclar_2star,الاركيلة بتقرف طعمتها والفحم سيء
oclar_1star,سيء جدا
oclar_1star,عادي
oclar_1star,تعامل والكراسين غير لائق
oclar_1star,المكان و الموقع جميل ...ولكن..منذ دخولك جميع العاملين بالمطعم عابسين و غير مبتسمين ..و غير متعاونين ابدا و يتعاملون بفوقيه وكأن العميل لا يفهم شيء ... ممنوع عندهم اذا جلست بطاولة ان تنتقل الى اخرى بمكان افضل و منظر افضل و كأنهم يعاقبوك على دخولك المطعم..جودة المقبلات لا بأس بها و لكن المشويات سيئة للغاية و كانت نية و بها دم و مازال الجرسون يجادلك و يشرح لك انه طبيعي !! وحتى بالرغم من كل هذا المدير لم يكلف نفسه للاعتذار ...مكان سيء ولا يستحق عناء المشوار ابدا ولا يعكس الكرم اللبناني المعروف
oclar_2star,اطلالة جميلة جدا ،الاكل عادي، السعر ليس رخيص ابدا
oclar_2star,الاسعار غاليه جدا الخدمة جيدا الكراسي غير مريحة
oclar_1star,معاملة سيئة اكل غالي ومش طيب
oclar_2star,الاطلالة فقط تستحق الطعام عادي ولا يستحق المبلغ طلبت وجبة فاكهة وتفاجئت بست كيلو من الاصناف وعلى حسابي طبعا المطعم لا يقدم اي خضار او مقبلات او سرفيس من خارج المينو بخيل جدا لا انصح به ابدا على الرغم من الدعاية الكبيرة 
oclar_1star,غالي جدا وخدمة سيئة وتزوير في الفاتورة ورغم شكوى لمدير الصالة لم نحصل الا على ما تواخزنا…
oclar_1star,كتييير فاشل لا خدمة ولحمة نية مو مشوية والسلطة كل قطعة متل ماهيي مو مقطع
oclar_2star,مطل جميل وأكل عادي وخدمه سيئه وأسعار مرتفعه
oclar_1star,المحل ذا نصابين بس يبغو فلوس و اكلهم سيئ نصبو علينا في الفاتوره ولا الجرسون يتشرط بالبخشيش نصب في نصب انصح اي احد سايح لايروح ذا المطعم 
oclar_1star,زحمه و الفيو على الجبل جزء صغير بس والطلب ياخذ اكثر من ساعه
oclar_2star,الاكل ممتاز ، بس يعيب المكان طاقم العمل تعاملهم سيئ
oclar_1star,معاملة سيئة ووجوة العاملين عابسة لن أكرر الزيارة
oclar_1star,لايوجد اهتمام كل ومعاملة الموظفين سيئة 
oclar_2star,هاي مرحبا انا من سوريا موجودة في لبنان
oclar_2star,مطعم حلو
oclar_1star,هئ
oclar_1star,الخدمة سيئة
oclar_1star,لم يكن بلمستوى المطلوب الحمامات ليست نظيفة
oclar_1star,لابأس
oclar_1star,جيدة
oclar_1star,عادي جدا
oclar_2star,اسعار غالية
oclar_2star,ممتع
oclar_2star,المطل روعة، الأكل سئ ومعغن والموظفين بيقعدو واقفين عراسك وحدك كانهم عصابات وهي الشي بزعج الزبون كتير
oclar_1star,هذا المكان سيء للغايه حيث لا يدفعون حق العمال
oclar_1star,عنجد كتير سيئ
oclar_2star,لا يعجبني
oclar_2star,منيح
oclar_1star,جيد
oclar_2star,من افضل مطاعم الهمبرجر في لبنان
oclar_2star,ليس بالمكان النظيف ولا يقدم وجبات خاصة بالاطفال
oclar_1star,ريحة المكان سيئة 
oclar_1star,المطل روعة، الأكل سئ ومعفن جدا وقديم لدرجة انهم بعبي لك الصحون مرة ثانية وثالثة من ضمن السعر المدفوع
oclar_1star,مكان تعبان
oclar_1star,الطعام غير جيد
oclar_2star,المكان للأولاد رائع بس الأسعار نار
oclar_1star,ليس جيد في المعاملة
oclar_1star,) بتشرب فنجان القهوة من كتر مو لذيذ مابتشوف بآخرو ولا نقطة بن بيطلع فنجانك مجلي خالص
oclar_1star,خدمه بطيئه واسعار مرتفعه لايوجد اهتمام للزبائن
oclar_1star,مقفل منذ اكثر من ثلاث سنوات 
oclar_1star,غالي جدا ولا يستحق الذهاب له والجلسات عادية جدا 
oclar_2star,مكان مرتفع السعر بالنظر لباقي المطاعم المجاورة 
oclar_2star,الاسعار مبالغ بها على مستوى الخدمة المقدمة، موقع المطعم على جوجل خاطئ . من غير اللائق اسلوب الاتاوة الذي يؤخذ عنوة بحجة صف / ايقاف السيارة! لم يلمس السيارة و لم يغسلها....و يطالب بالمال و الذريعة ليس له علاقة بالمطعم و انهم جهة منفصلة باختصار 'عيب'
oclar_1star,الأكل سيء الخدمة سيئة وما في مطعم بيحترم حالو بياخد پاركينغ ٥٠٠٠ خلاصة: لا أنصح أحد بالذهاب إلى هناك
oclar_1star,سيئ جدا
oclar_2star,عادي
oclar_1star,مرحبا هاد المطعم اسمو الوادي اليمون مش الوادي الاخضر
oclar_1star,مكان رائع ومريح جدا جدا
oclar_2star,جيد
oclar_1star,مكان جميل
oclar_2star,مطعم شلالات الزرقاء بعقلين يستاهل فقط نجمتين
oclar_2star,مطعم كتير راق ومؤهل جاهز لأستقبال اي عدد من الزوار فقط الطريق يلزمه شوية توسعة وارشادات على الطريق حتى تصل اليه الناس الأغراب عن المنطقة وموفقين
oclar_1star,المذاق عادي الأجواء مريحه المكان محتاج تطوير
oclar_2star,لا لكان فاشل
oclar_2star,مكان رائع ونظيف
oclar_2star,ضعاف خدمة و اركيلة
oclar_2star,الخدمة ممتازة و الأكل طيب بس الأسعار غالية
oclar_2star,خدمة جيدة في المطعم 
oclar_1star,أسوأ مطعم في لبنان تبوله بايته فتوش كله سماق بابا غنوج مع بصل طالعه ريحته / الاولاد اكلوا اسكلوب طلع طعمتوا جلد الدجاج مقرف وبايت للحقيقة ما فينا نقول شي عن البطاطا المقليه وما لازم ننسى الهندبه معفنه مع العلم انك بحاجه لموعد وحجز مسبق ومش فهمانين على شو
oclar_2star,مخايل سليم الحداد
oclar_1star,"Worse place ever , bad service , rude waiters , food was mixed up, wanted to fight us over a stupid salad , which he was mistaken , didn't even apologise for it , they are the worst , next time I'm hungry I rather eat myself مكان أسوأ من أي وقت مضى، خدمة سيئة، النوادل وقحا، تم خلط الطعام حتى، أراد أن يقاتلنا على سلطة غبية، الذي كان مخطئا، و لم يعتذار عن ذلك، لا انصح احد بهذا المكان "
oclar_1star,ولا اكلة طيبة 
oclar_1star,الأسعار صارت خياليه حاسس حالي بال داون تاون يمكن الداون تاون اسعارون ارخص يعني ازا بدي اكول كل يوم وجبه وحده بدي 500.000 بالشهر
oclar_2star,المعاملة جيدة والاكل جيد ماعدا الصيادية بلا طعم والهندبة غير مصفاة جيدا ، وعندما سألنا العامل قال: هكذا يتم تحضيرها عندنا، مع العلم أننا زبائن المطعم ونعلم جيدا مهارة الطباخين فيه !!!
oclar_1star,صالة ابو لونا مؤيد الاسمر
oclar_1star,مكان جميل ومنظر رائع أمام البحر… لكن هذا وحده لا يكفي لأن الطعام سيّء لا طعم له… أسعار الطعام جيّدة نوعا ما ولكن المشروبات غالية جدا خاصة عندما تكون مجبر على دفع سعر قنينة الماء الغالية التي لم تطلبها 5000 ل.ل. تنكة السفن أب 5000ل.ل… موقف السيارة من قبل الفاليه باركينغ محدد ب 5000ل.ل. لمجرد أنه حرك السيارة 10 أمتار… وضع هالمطعم مثل وضع البلد تشبيح وضحك عالناس… كانت أول وآخر مرة لا أنصح أحد بالذهاب الى هناك.
oclar_2star,عادي مافي شي مميز
oclar_1star,انا ما بعرف ليه بيعملوا دعايات كاذبة و ببعتلو عن مراتون اكل و اخر شي بيطلع انه من عندهم فيك تشوف المراتون في صيدا. و انا رأيي انه هو أفشل مطعم ب لبنان و ما في مصداقية
oclar_1star,كان اسوا مكان تناولنا فبه الافطار هذه السنة
oclar_1star,غالي جدا
oclar_1star,خدمة سيئة
oclar_2star,خدمة صفر
oclar_1star,جيد
oclar_1star,الخدمه سيئه وبطيئة جدا ، الطعام لابأس به ليس بتلك الجودة ، المكان سيئ لاتوجد مراوح للتبريد كافية
oclar_1star,خدمة وسعر سيء تماما
oclar_1star,أكل سيء و خدمه أسوء
oclar_1star,غالي ومش واو الاكل عنده بصراحة فكرته حلوه بس بدها تطوير اكثر 
oclar_1star,غير متكافئ
oclar_1star,نعم
oclar_1star,منيح
oclar_1star,لا بأس
oclar_1star,سى جدا جدا جدا
oclar_1star,خدمه سيئة اكل سيء
oclar_1star,البطاطا بالسلاد بار قديمة
oclar_1star,سيئ بكل معنى الكلمة 
oclar_1star,شاورما منا طيبه ابدن مطعم فاشله و سعر غالي آخر مره
oclar_2star,"المكان عادي وأقل شوي كمان، الخدمة سيئة نسبيا""ملاحظات: منقوشة زعتر ورمان : تغيير قليل بطعمة الزعتر والصورة أطيب من النكهة الخبز طازج من الفرن طبق البيض : دون المستوى لبنة: مش بلدية "
oclar_2star,مقبول
oclar_2star,اعتقد ان طعامه غير صحي وليس مكان نظيف
oclar_1star,مناسبة تكريم اشخاص
oclar_2star,مكان مكتض في ايام الاعياد
oclar_1star,ما دون الوسط في كل شي لا انصح بالدخول اليه
oclar_1star,دليت حدا على المطعم ... سودتولي وجي اتصل يطلب دليفيري كانت معاملة سيئة جدا على التلفون
oclar_1star,افضل شي موجود بصور وشعبي بلبي حاجة كافة الفءات
oclar_2star,سعر غالي واكل عادي البوظة والكوكتيل مش كتير طيبين بالنسبة للسع
oclar_1star,مش منيح
oclar_1star,قرف سراقين
oclar_1star,اسعار نار وأكل عادي جدآ
oclar_1star,قصر المر حرام يتسمى قصر الحلو لا طعم ولا ذوق ولا بيعرفوا شي عن الحلو لأ انصح أحد بدخول هذا الكهف المهجور السيء بكل ما يوصف فالخدم أشباح تقشعر من منظرهم الابدان وهو سمعة شنيعة لمدينة طرابلس انصح باغلاقه بالشمع الأحمر مالت عليكم وخسيتم ناقص خمس نجوم
oclar_1star,جيد بس بطيء بتلبية الطلب
oclar_1star,سوء في الخدمة و عدم السرعة في تاديت الطلب و عدم التناسق في تقديم الطلب كميت الاكل ليست كافيه تقديرا بسعرها ولاكن مدير الصالة جدا مهذب و قام بعمله على اجمل وجه ولاكن في الاخر كنت غير سعيد بهذه الوجيه ١: التأخير ٢: عدم التناسق في تقديم الاكل في محل راقي ٣:طلبت اكثر من مره بنوع من انواع الصوص ( طرطور) و طلبت من النادل عدت مرات و يتوعد حتى خلص الاكل و لم يأتي بالطلب ٤: سعر غالي بالنسبه لكميت الاكل ٥: كان مدير الصالة احلى شي و محترم
oclar_1star,ي ي الله من فضله إنا نسألك الجنة بلا حدود 🐶🐴🐱🚊🐯🐸🐰📱📷📹
oclar_1star,كتير ممتاز
oclar_2star,من بعد حلويات القناعه ما في حلوه
oclar_1star,لقمة طيبة ونظيفة ..وضيافة مميزة وجو مناسب..
oclar_1star,خدمة غير مناسبة
oclar_1star,لا بأس
oclar_1star,فشل بامتياز
oclar_1star,الطعام سيء جدا
oclar_1star,خساره فيكن. النجمه لا اكل بيتاكل واسعار اغلى من كازينو لبنان يعني حراميه برخصه
oclar_2star,الخدمة بطيئة والطعام يصل بارد
oclar_1star,كانت قعدة كتير حلوة
oclar_1star,الاكل ابدا مش طيب .والانارة داخل المطعم .والاسعار مش مدروسة.
oclar_1star,هل الاسعار مناسبة أو مرتفعة
oclar_2star,هادئ و مقبول
oclar_1star,أسوأ جرسونية ، الخدمة مزرية ، 
oclar_1star,خدمة جدا سيئة في فرع القلمون بعكس المتوقع من هيك مطعم عندو اسم وشهرة فريق العمل غير محترم وقليل فهم
oclar_1star,تجربه سيئة جدا وستكون ذكرى مؤلمه لدي أنا والعديد من عمال البناء الذين عملوا في هذه المنشأة
oclar_2star,كان الاكل كتير طيب بس بصراحة آخر مرا بعيد الفطر كان كل الاكل سيئ وقتا دفعت ٥٠ الف ولا شي طيب مستحيل ارجع مرة تانية
oclar_1star,جميل
oclar_1star,اوك
oclar_2star,الاسعار مرتفعة قليلا
oclar_2star,كول و شكور 😊
oclar_1star,خدمة سيئة
oclar_1star,مكان جميل لكن طهام غير لذيذ
oclar_1star,كافه رفاعي
oclar_2star,جيد ولكن اسعار مرتفعه
oclar_2star,لم ادخل اليه ابد وعلى الرغم انه جاري
oclar_1star,دون الوسط
oclar_1star,اقرف شاورما دجاج باكلا السندويش فاضي كلو خبز معجن شي بقرف يا ديعان حقا فيا 😡😡
oclar_1star,صح
oclar_1star,الخدمة بطيئة ولا يوجد مواقف خاصة للسيارات
oclar_1star,عجقة
oclar_1star,ما بنصح حاد يكول طلبت سطل كرسبي واصل لنصو الدجاج حبه صغير تفه عليكن
oclar_2star,مع كثرة مطاعم الوجبات السريعة آن للkfc أن يتواضع قليلا تجربتي معه في رمضان غير مشجعة
oclar_1star,طعم سيء،سعر خيالي،ديلفري خطوة.
oclar_2star,طعام بارد وغير لذيذ وخبز غير طري مقلي بزيت سيء رائحة غير جيدة
oclar_2star,جيد
oclar_1star,حرامية
oclar_1star,غير طازج
oclar_1star,لان هيك
oclar_1star,اطيب برغر
oclar_1star,جودة الاكل لاترقى للمستوى الجيد
oclar_2star,لا بأس
