short_name,model_id,aggressive,epochs,batch_size,dominant_cap,label_smoothing,train_seconds,accuracy,weighted_f1,macro_f1,min_class_f1,all_classes_above_70,f1_التوصيل,f1_الجو والمكان,f1_السعر والقيمة,f1_النظافة,f1_جودة الطعام,f1_خدمة الموظفين,f1_دقة الطلب,f1_عامة,f1_وقت الانتظار
camelbert-mix,CAMeL-Lab/bert-base-arabic-camelbert-mix,False,5,16,8000,0.0,835,0.9220539079724059,0.9228648929755805,0.8181624586544486,0.4262295081967213,False,0.8869565217391304,0.4262295081967213,0.9302152932442465,0.9271889400921659,0.9391813767054652,0.9344193817878028,0.7124463519313304,0.7120879120879121,0.8947368421052632
camelbert-da,CAMeL-Lab/bert-base-arabic-camelbert-da,False,5,16,8000,0.0,942,0.9136619017139606,0.9146279783604313,0.8013626839058587,0.37755102040816324,False,0.8753623188405797,0.37755102040816324,0.9283074648928308,0.9107635694572217,0.9308855291576674,0.9267576075550892,0.6854460093896714,0.6956521739130435,0.8815384615384615
arabertv02,aubmindlab/bert-base-arabertv02,False,5,16,8000,0.0,924,0.9036341654220895,0.9060770800406198,0.792709966835497,0.36752136752136755,False,0.8859897901304594,0.36752136752136755,0.9290634891081735,0.9010791366906474,0.9174860379139463,0.9175597691673537,0.694560669456067,0.6460348162475822,0.8750946252838758
marbert,UBC-NLP/MARBERT,False,5,8,8000,0.0,1153,0.920844890121613,0.9211099501833689,0.8132318197248982,0.37267080745341613,False,0.8870490833826138,0.37267080745341613,0.9241202346041055,0.9176688251618872,0.9393823281477508,0.935031847133758,0.75,0.706140350877193,0.8870229007633588
xlm-r-base,xlm-roberta-base,False,5,8,8000,0.0,1503,0.8931085982504801,0.8970159403452055,0.7700437345382677,0.2733812949640288,False,0.8556876061120543,0.2733812949640288,0.9121417797888386,0.8714788732394366,0.9123852851204016,0.9209205020920502,0.664,0.6549707602339181,0.8654275092936803
camelbert-mix,CAMeL-Lab/bert-base-arabic-camelbert-mix,False,5,16,8000,0.0,811,0.9214071333845187,0.9222842569605837,0.8353468896304089,0.4111111111111111,False,0.8991596638655462,0.4111111111111111,0.9329120981230254,0.9175824175824175,0.9355412829838273,0.9368992895946511,0.8329411764705882,0.75642965204236,0.8955453149001537
camelbert-mix,CAMeL-Lab/bert-base-arabic-camelbert-mix,False,5,16,8000,0.0,1091,0.9192091600881872,0.9206469902147689,0.8080193846772094,0.357487922705314,False,0.8802292263610315,0.357487922705314,0.9287569573283859,0.9174311926605505,0.9364099398055256,0.9355588421719839,0.680672268907563,0.7347826086956522,0.9008455034588778
camelbert-mix_cap15k,CAMeL-Lab/bert-base-arabic-camelbert-mix,False,5,16,15000,0.0,1306,0.9327217125382263,0.9337038249876335,0.8243545910898091,0.4,False,192,42,0.8861929520508377,0.4,0.9390787518573551,0.930841121495327,0.950247619047619,0.9515229515229515,0.6956521739130435,0.7577092511013216,0.9079464988198269
camelbert-mix_cap20k,CAMeL-Lab/bert-base-arabic-camelbert-mix,False,5,16,20000,0.0,1400,0.9347130360571795,0.9353503756993437,0.8209349309039841,0.3263157894736842,False,192,42,0.8967551622418879,0.3263157894736842,0.9379207180254301,0.9300567107750473,0.9527267226382271,0.9525235243798118,0.7149321266968326,0.7685185185185185,0.9086651053864169
marbert_v3,UBC-NLP/MARBERT,False,5,8,15000,0.0,1747,0.9296636085626911,0.93026426384548,0.8163717550838557,0.3333333333333333,False,192,42,0.8870779976717112,0.3333333333333333,0.9320388349514563,0.9210526315789473,0.9484160145863405,0.9493401447424435,0.728110599078341,0.7456140350877193,0.9023622047244094
arabertv02_v3,aubmindlab/bert-base-arabertv02,False,5,16,15000,0.0,1410,0.922978451034777,0.9244096820687323,0.8127578706143047,0.36619718309859156,False,192,42,0.884149855907781,0.36619718309859156,0.9347014925373134,0.9200743494423792,0.9406987434875881,0.9379515512112198,0.694560669456067,0.7455357142857143,0.8909512761020881
camelbert-da_v3,CAMeL-Lab/bert-base-arabic-camelbert-da,False,5,16,15000,0.0,1306,0.9279567598321599,0.9284224919194646,0.8113197440342306,0.33879781420765026,False,192,42,0.8862973760932945,0.33879781420765026,0.9368932038834952,0.9194756554307116,0.9459438911274994,0.9427723611699873,0.6822429906542056,0.75,0.8994544037412315
camelbert-mix_capALL,CAMeL-Lab/bert-base-arabic-camelbert-mix,False,5,16,100000,0.0,1612,0.9373444278500818,0.9378834291209397,0.8273283257506635,0.3769633507853403,False,192,42,0.8955752212389381,0.3769633507853403,0.9387296233839235,0.9271523178807947,0.9564890093345378,0.9548192771084337,0.7288888888888889,0.7548076923076923,0.9125295508274232
camelbert-mix_capALL_s2024,CAMeL-Lab/bert-base-arabic-camelbert-mix,False,5,16,100000,0.0,1614,0.9384823270037693,0.9385085184483227,0.8274271774326796,0.3575418994413408,False,192,2024,0.8942705256940343,0.3575418994413408,0.938783128032848,0.9364928909952607,0.9574547910257373,0.9545748116254037,0.74,0.7567567567567568,0.9109697933227345
marbert_capALL,UBC-NLP/MARBERT,False,5,8,100000,0.0,2196,0.9360642913021834,0.9355667637524067,0.8271922426289233,0.3333333333333333,False,192,42,0.8926886792452831,0.3333333333333333,0.9356901090635578,0.9365384615384615,0.9538232002983961,0.9498269896193772,0.7582938388625592,0.7737226277372263,0.9108129439621152
camelbert-mix_8c_capALL_s42,CAMeL-Lab/bert-base-arabic-camelbert-mix,False,5,16,100000,0.0,2012,0.9455495134516314,0.945610281315163,0.8840870086688337,0.6976744186046512,False,192,42,0.8986834573554665,0.9463781749764817,0.9431818181818182,0.9618710987440776,0.9548775247099269,0.6976744186046512,0.7677261613691931,0.9023034154090548
camelbert-mix_8c_capALL_s2024,CAMeL-Lab/bert-base-arabic-camelbert-mix,False,5,16,100000,0.0,1329,0.9463365769891242,0.9463355220283176,0.8898186667803474,0.7246376811594203,True,192,2024,0.8960280373831776,0.9453388244103332,0.946277097078228,0.9615644979315532,0.9565591397849462,0.7246376811594203,0.7740384615384616,0.9141055949566588
marbert_8c_capALL,UBC-NLP/MARBERT,False,5,8,100000,0.0,1858,0.9428305666857469,0.9430612686889558,0.8857896458747687,0.7264957264957265,True,192,42,0.894374282433984,0.9417731029301277,0.9493791786055397,0.9585121602288984,0.9531182795698925,0.7264957264957265,0.7554479418886199,0.9072164948453608
arabertv02_8c_v3,aubmindlab/bert-base-arabertv02,False,5,16,15000,0.0,1137,0.9359616485403549,0.936582050735884,0.8797423461235504,0.6885245901639344,False,192,42,0.8888888888888888,0.9402123300428386,0.9283720930232559,0.9510873712323541,0.9431067547411037,0.6885245901639344,0.7937219730941704,0.9040247678018576
camelbert-mix_8c_capALL_s2024_v2,CAMeL-Lab/bert-base-arabic-camelbert-mix,False,5,16,100000,0.0,1478,0.9489839725243274,0.9492145791803515,0.9121778567143868,0.8163265306122449,True,192,2024,0.9057714958775029,0.9468125235760091,0.9459715639810427,0.9614492102702298,0.9578627280625543,0.8163265306122449,0.8486238532110092,0.9146049481245012
marbert_8c_capALL_v2,UBC-NLP/MARBERT,False,5,8,100000,0.0,1969,0.9457641671436748,0.9458432323113825,0.9123713649030007,0.8438818565400844,True,192,42,0.8955944477972239,0.9433175355450237,0.9442307692307692,0.9598450420919318,0.9517002382499459,0.8438818565400844,0.8597701149425288,0.9006309148264984
camelbert-mix_8c_capALL_s2024_v3,CAMeL-Lab/bert-base-arabic-camelbert-mix,False,5,16,100000,0.0,2686,0.949198626216371,0.9494671264007047,0.9145648988473374,0.8148148148148148,True,192,2024,0.9020527859237537,0.9467344249952946,0.9494756911344138,0.9625074985002999,0.9548611111111112,0.8148148148148148,0.871331828442438,0.9147410358565737
